<?xml version="1.0"?>
<doc>
    <assembly>
        <name>KreslikLib.Neo</name>
    </assembly>
    <members>
        <member name="M:KreslikLib.Neo.NeoEventsClass.Dispose">
            <summary>
            We should dispose of the NeoEvents object and stop the timer events firing.
            </summary>
        </member>
        <member name="E:KreslikLib.Neo.NeoEventsClass.RemoveCalledTimerEvent">
            <summary>
            WARNING! This event runs on a separate thread, so you have to use delegate, invoke etc. to handle it.
            </summary>
        </member>
        <member name="E:KreslikLib.Neo.NeoEventsClass.IDLCalledEvent">
            <summary>
            Called every time the IDL indicator is called.
            </summary>
        </member>
        <member name="T:KreslikLib.Neo.KToolsNeo">
            <summary>
            Static Neo Tools Class.
            </summary>
        </member>
        <member name="M:KreslikLib.Neo.KToolsNeo.ExtractSymbolsFromChart(NeoTicker.NTIndicatorObjects,KreslikLib.Neo.SymbolType,System.Boolean,System.Boolean,System.String[]@,System.Int32[]@)">
            <summary>
            Extracts symbol array from a chart. SymbolType parameter switches between AllSymbols and ForexSymbols.
            If "ForexSymbols" is selected, it converts 6 and 7 chars FX symbols all to 7 chars FX symbols of the type
            "EUR/USD".
            </summary>
            <param name="N">You must pass N to this method.</param>
            <param name="ReturnSymbolType">Switches between All symbols and FX symbols only.</param>
            <param name="AllowDuplicity">Allows/disallows duplicity in the returned symbol array.</param>
            <param name="Sort">Sort alphabetically.</param>
            <returns></returns>
        </member>
        <member name="M:KreslikLib.Neo.KToolsNeo.RefreshChart">
            <summary>
            Causes the NeoTicker active window to refresh itself.
            </summary>
        </member>
        <member name="M:KreslikLib.Neo.KToolsNeo.RecalcIndicator(System.Int32)">
            <summary>
            Recalculates the indicator with IndicatorID.
            </summary>
            <param name="IndicatorID"></param>
        </member>
        <member name="M:KreslikLib.Neo.KToolsNeo.GetIndicatorHostWindowName(NeoTicker.NTIndicatorObjects)">
            <summary>
            Returns the name of the indicator host window in NeoTicker.
            </summary>
            <returns></returns>
        </member>
    </members>
</doc>
