<?xml version="1.0"?>
<doc>
    <assembly>
        <name>KreslikLib.Common</name>
    </assembly>
    <members>
        <member name="T:KreslikLib.Common.StartFrom">
            <summary>
            Enumeration for PortionFromCharSeparatedLine method.
            </summary>
        </member>
        <member name="M:KreslikLib.Common.KTools.StringArraysAreEqual(System.String[],System.String[])">
            <summary>
            Compares two string arrays by going thru all elements one by one.
            </summary>
            <param name="FirstArray">First string array.</param>
            <param name="SecondArray">Second string array.</param>
            <returns></returns>
        </member>
        <member name="M:KreslikLib.Common.KTools.DebugMsg(System.String)">
            <summary>
            Shows a message box with the specified message if DEBUG element exists.
            </summary>
            <param name="StringToShow">String to show in a message box.</param>
            <returns></returns>
        </member>
        <member name="M:KreslikLib.Common.KTools.PortionFromCharSeparatedLine(System.String,System.Int32,KreslikLib.Common.StartFrom,System.Char)">
            <summary>
            Returns portion from the special character (like comma) separated line.
            </summary>
            <param name="CharSepLine">Special char-separated input line.</param>
            <param name="PortionIndex">The index of the portion to get, starting from 0.</param>
            <param name="CountFrom">Which side of the string to count the index from.</param>
            <param name="SeparationChar">SeparationChar, like ',' (comma).</param>
            <returns></returns>
        </member>
        <member name="M:KreslikLib.Common.KTools.PortionFromCSVLine(System.String,System.Int32,KreslikLib.Common.StartFrom)">
            <summary>
            Return a portion from comma-separated file.
            </summary>
            <param name="CSVLine"></param>
            <param name="PortionIndex"></param>
            <param name="CountFrom"></param>
            <returns></returns>
        </member>
        <member name="M:KreslikLib.Common.KTools.ReverseString(System.String)">
            <summary>
            Reverses the order of characters in a string.
            </summary>
            <param name="InputString">The input string.</param>
            <returns></returns>
        </member>
        <member name="M:KreslikLib.Common.KTools.DateTimeToYYYYMMDD(System.DateTime)">
            <summary>
            Converts Microsoft DateTime format to YYYYMMDD.
            </summary>
            <param name="DateTimeValue">Input DateTime value.</param>
            <returns></returns>
        </member>
        <member name="M:KreslikLib.Common.KTools.InfoBox(System.String,System.String)">
            <summary>
            Shows InfoBox with specified Text and Caption.
            </summary>
            <param name="Text">Text to show.</param>
            <param name="Caption">Caption to show.</param>
        </member>
        <member name="M:KreslikLib.Common.KTools.InfoBox(System.String[],System.String)">
            <summary>
            Shows InfoBox with specified TextArray (one item per line) and Caption.
            </summary>
            <param name="TextArray">Text Array to show.</param>
            <param name="Caption">Caption to show.</param>
        </member>
        <member name="M:KreslikLib.Common.KTools.ConvertStrArrayToStr(System.String[])">
            <summary>
            Converts string array to string.
            </summary>
            <param name="StringArray"></param>
            <returns></returns>
        </member>
        <member name="M:KreslikLib.Common.KTools.InfoBox(System.Int32[],System.String)">
            <summary>
            Shows InfoBox with specified IntArray (one item per line) and Caption.
            </summary>
            <param name="IntArray">Int array to show.</param>
            <param name="Caption">Caption to show.</param>
        </member>
        <member name="M:KreslikLib.Common.KTools.Power(System.Int32,System.Int32)">
            <summary>
            Mathematical Power. Returns Unsigned Long Int.
            </summary>
            <param name="InputNumber"></param>
            <param name="Exponent"></param>
            <returns></returns>
        </member>
        <member name="M:KreslikLib.Common.KTools.ConcatenateArrays``3(System.String[]@,System.Boolean@,``0[],System.String,``1[],System.String,``2[])">
            <summary>
            Concatenates arrays' contents one element by one to a new string array.
            Puts a Separator string between the original elements.
            Returns bool if the strings have changed.
            </summary>
            <param name="OutputArray">Output array to store the concatenated arrays to.</param>
        </member>
        <member name="M:KreslikLib.Common.KTools.ConcatenateArrays``2(System.String[]@,System.Boolean@,``0[],System.String,``1[])">
            <summary>
            2 input arrays overload.
            </summary>
        </member>
        <member name="M:KreslikLib.Common.KTools.InitializeArray``1(System.Int32,``0)">
            <summary>
            Initializes all array elements with a given startup value.
            </summary>
            <typeparam name="T1">Data type of the array.</typeparam>
            <param name="ArraySize">Number of array elements.</param>
            <param name="ValueToInitializeWith">Initial value of every array element.</param>
            <returns></returns>
        </member>
        <member name="M:KreslikLib.Common.KTools.ConvertArrayListToArray``1(System.Collections.ArrayList,``0[]@)">
            <summary>
            Converts input ArrayList to output Array[].
            </summary>
        </member>
    </members>
</doc>
